Seed_Value,ML_Model,Hyperparameter_Tuning,Time_Taken,Training_Accuracy,Improvement_Training_Accuracy(%),Training_Precision,Improvement_Training_Precision(%),Training_Recall,Training_Improvement_Recall(%),Training_F1_Score,Training_Improvement_F1_Score(%),Training_ROC_AUC,Training_Improvement_ROC_AUC(%),Testing_Accuracy,Testing_Improvement_Accuracy(%),Testing_Precision,Testing_Improvement_Precision(%),Testing_Recall,Testing_Improvement_Recall_(%),Testing_F1_Score,Testing_Improvement_F1_Score_(%),Testing_ROC_AUC,Testing_Improvement_ROC_AUC_(%),Best_Parameter_Found
42,Logistic Regression,Baseline,0.548432684,0.868265993,0,0.868434883,0,0.868265993,0,0.868249981,0,0.868265993,0,0.837944664,0,0.888946266,0,0.837944664,0,0.853732822,0,0.910991821,0,"{'l1_ratio': None, 'penalty': 'l2', 'solver': 'lbfgs', 'C': 1.0}"
42,Logistic Regression,Simulated Annealing,10.33629413,0.869612795,0.155113912,0.870017203,0.182203633,0.869612795,0.155113912,0.869575204,0.152631426,0.869612795,0.155113912,0.837380011,-0.067385444,0.889378561,0.048629954,0.837380011,-0.067385444,0.853384034,-0.040854509,0.910401811,-0.064765582,"{'penalty': 'l1', 'solver': 'liblinear', 'C': 0.03125}"
42,Logistic Regression,Grid Search,33.78471427,0.869612795,0.15511391,0.870017203,0.18220363,0.869612795,0.15511391,0.869575204,0.152631425,0.869612795,0.15511391,0.837380011,-0.067385444,0.889378561,0.048629954,0.837380011,-0.067385444,0.853384034,-0.040854509,0.910401811,-0.064765582,"{'solver': 'liblinear', 'penalty': 'l1', 'C': 0.03125}"
42,Logistic Regression,Half Grid Search,17.28246245,0.868265993,3.91666E-09,0.868434883,-2.44956E-09,0.868265993,3.91667E-09,0.868249981,2.04433E-09,0.868265993,3.91667E-09,0.837944664,-3.77352E-09,0.888946266,-4.70546E-09,0.837944664,-3.77352E-09,0.853732822,5.1529E-09,0.910979214,-0.001383883,"{'solver': 'sag', 'penalty': 'l2', 'C': 2}"
42,Logistic Regression,Genetic Algorithm,8.263256454,0.869023569,0.087251573,0.869180858,0.085898827,0.869023569,0.087251573,0.869008669,0.087381311,0.869023569,0.087251573,0.83907397,0.134770888,0.889310943,0.04102342,0.83907397,0.134770888,0.854644704,0.106811173,0.911120412,0.014115576,"{'solver': 'newton-cg', 'penalty': 'l2', 'C': 0.125}"
42,Support Vector Classifier,Baseline,32.85485301,0.938636364,0,0.939283896,0,0.938636364,0,0.938612213,0,0.938636364,0,0.907396951,0,0.923457731,0,0.907396951,0,0.912544353,0,0.953926335,0,"{'kernel': 'rbf', 'C': 1.0, 'degree': 3, 'gamma': 'scale'}"
42,Support Vector Classifier,Simulated Annealing,1286.740749,0.957744108,2.035691866,0.958626506,2.059293227,0.957744108,2.035691866,0.957723165,2.036086091,0.957744108,2.035691866,0.91869,1.244554449,0.924403,0.10236186,0.91869,1.244554449,0.92091,0.916738629,0.954879,0.099867818,"{'kernel': 'rbf', 'C': 8, 'degree': 4, 'gamma': 'auto'}"
42,Support Vector Classifier,Grid Search,1548.062494,0.958417508,2.107434309,0.959338176,2.135060564,0.958417508,2.107434309,0.95839609,2.107779634,0.958417508,2.107434309,0.920383964,1.431238336,0.924530628,0.116182492,0.920383964,1.431238336,0.922077537,1.04468166,0.954894555,0.101498426,"{'kernel': 'rbf', 'C': 10, 'gamma': 'auto'}"
42,Support Vector Classifier,Half Grid Search,43.54418464,0.87003367,-7.30876155,0.870324444,-7.341704925,0.87003367,-7.30876155,0.870007375,-7.30917801,0.87003367,-7.30876155,0.833992095,-8.089607961,0.888310463,-3.80605065,0.833992095,-8.089607961,0.850650895,-6.782515115,0.910454761,-4.557120619,"{'kernel': 'linear', 'C': 1, 'gamma': 'scale'}"
42,Support Vector Classifier,Genetic Algorithm,1185.13086,0.958417508,2.107434309,0.959338176,2.135060564,0.958417508,2.107434309,0.95839609,2.107779634,0.958417508,2.107434309,0.920383964,1.431238336,0.924530628,0.116182492,0.920383964,1.431238336,0.922077537,1.04468166,0.954894555,0.101498426,"{'kernel': 'rbf', 'gamma': 'auto', 'C': 10}"
42,Random Forest Classifier,Baseline,6.145494127,0.974242424,0,0.974364979,0,0.974242424,0,0.974240808,0,0.974242424,0,0.950310559,0,0.950990198,0,0.950310559,0,0.950616688,0,0.98191521,0,"{'criterion': 'gini', 'max_depth': None, 'min_samples_split': 2, 'n_estimators': 100}"
42,Random Forest Classifier,Simulated Annealing,324.0011707,0.975084175,0.086400553,0.975202314,0.085936467,0.975084175,0.086400553,0.975082687,0.086413835,0.975084175,0.086400553,0.952005,0.178303922,0.952081,0.114701697,0.952005,0.178303922,0.952042,0.149935494,0.983041,0.114652452,"{'n_estimators': 250, 'criterion': 'entropy', 'max_depth': 20, 'min_samples_split': 2}"
42,Random Forest Classifier,Grid Search,4275.295081,0.975252525,0.103680664,0.975361441,0.10226784,0.975252525,0.103680664,0.975251156,0.103706184,0.975252525,0.103680664,0.954263,0.415910458,0.954336,0.351822964,0.954263,0.415910458,0.954299,0.387360318,0.983042,0.114754294,"{'criterion': 'entropy', 'max_depth': 20, 'min_samples_split': 2, 'n_estimators': 200}"
42,Random Forest Classifier,Half Grid Search,2004.071103,0.973905724,-0.034560222,0.974026259,-0.034763139,0.973905724,-0.034560222,0.973904112,-0.0345598,0.973905724,-0.034560222,0.950310559,-6.53556E-10,0.950470083,-0.05469191,0.950310559,-6.53556E-10,0.950388182,-0.024037719,0.982176176,0.0265772,"{'criterion': 'gini', 'max_depth': 20, 'min_samples_split': 5, 'n_estimators': 200}"
42,Random Forest Classifier,Genetic Algorithm,243.2663573,0.973896179,-0.035539988,0.974019151,-0.035492639,0.973895818,-0.035576981,0.973894421,-0.035554584,0.973895818,-0.035576981,0.961603614,1.188354132,0.962897694,1.252115545,0.961603614,1.188354132,0.962084893,1.20639635,0.989127623,0.734525007,"{'n_estimators': 200, 'criterion': 'gini', 'max_depth': 20, 'min_samples_split': 3}"
42,Gradient Boosting Classifier,Baseline,10.72700419,0.96473064,0,0.964787048,0,0.96473064,0,0.964729573,0,0.96473064,0,0.950310559,0,0.95314127,0,0.950310559,0,0.951333434,0,0.981339069,0,"{'learning_rate': 0.1, 'max_depth': 3, 'n_estimators': 100, 'subsample': 1.0}"
42,Gradient Boosting Classifier,Simulated Annealing,1887.040194,0.980050505,1.587994067,0.980113779,1.588612841,0.980050505,1.587994067,0.980049858,1.588039308,0.980050505,1.587994067,0.956522,0.653622222,0.956454,0.347559225,0.956522,0.653622222,0.956488,0.54182543,0.988896,0.770063228,"{'learning_rate': 0.21544347, 'n_estimators': 250, 'subsample': 0.7, 'max_depth': 10}"
42,Gradient Boosting Classifier,Grid Search,65637.03842,0.982154882,1.806125125,0.982192367,1.804058177,0.982154882,1.806125125,0.982154539,1.806202051,0.982154882,1.806125125,0.959909656,1.010101014,0.959729618,0.691224766,0.959909656,1.010101014,0.959814593,0.891502271,0.989775696,0.859705608,"{'learning_rate': 0.21544347, 'max_depth': 7, 'n_estimators': 500, 'subsample': 0.6}"
42,Gradient Boosting Classifier,Half Grid Search,4093.561613,0.980050505,1.587994072,0.980071803,1.584262046,0.980050505,1.587994072,0.980050292,1.588084274,0.980050505,1.587994072,0.964426878,1.485442665,0.964172978,1.157405388,0.964426878,1.485442665,0.964285619,1.361476987,0.990310234,0.914175894,"{'learning_rate': 0.1, 'max_depth': 4, 'n_estimators': 500, 'subsample': 0.6}"
42,Gradient Boosting Classifier,Genetic Algorithm,1100.432157,0.978932144,1.472069362,0.978985914,1.471709872,0.978931615,1.472014486,0.978931477,1.472112406,0.978931615,1.472014486,0.967814794,1.841948901,0.96831278,1.591737814,0.967814794,1.841948901,0.968020618,1.754083666,0.993266743,1.215448869,"{'learning_rate': 0.1, 'n_estimators': 200, 'subsample': 0.6, 'max_depth': 7}"
404,Logistic Regression,Baseline,0.664662552,0.865710451,0,0.865807587,0,0.865710451,0,0.865701429,0,0.865710451,0,0.853190288,0,0.893651626,0,0.853190288,0,0.865352058,0,0.919542135,0,"{'l1_ratio': None, 'penalty': 'l2', 'solver': 'lbfgs', 'C': 1.0}"
404,Logistic Regression,Simulated Annealing,10.81658597,0.866633115,0.10657881,0.866714988,0.104804014,0.866633115,0.10657881,0.866625631,0.106757685,0.866633115,0.10657881,0.852060983,-0.132362676,0.893230055,-0.04717392,0.852060983,-0.132362676,0.86441694,-0.108062111,0.920311716,0.083691706,"{'penalty': 'l2', 'solver': 'newton-cg', 'C': 0.125}"
404,Logistic Regression,Grid Search,32.56191315,0.867136387,0.164712716,0.867218344,0.162941157,0.867136387,0.164712716,0.867128988,0.164902073,0.867136387,0.164712716,0.853190288,0,0.893651626,0,0.853190288,0,0.865352058,0,0.922189492,0.287899466,"{'solver': 'saga', 'penalty': 'elasticnet', 'l1_ratio': 1.0, 'C': 0.03125}"
404,Logistic Regression,Half Grid Search,18.59419417,0.865878208,0.019377969,0.865976739,0.019536893,0.865878208,0.019377969,0.865869091,0.019367232,0.865878208,0.019377969,0.852625635,-0.066181344,0.89344044,-0.023631793,0.852625635,-0.066181344,0.864884423,-0.054039821,0.919428948,-0.012309113,"{'solver': 'saga', 'penalty': 'elasticnet', 'l1_ratio': 0.6000000000000001, 'C': 8}"
404,Logistic Regression,Genetic Algorithm,9.992541552,0.866633115,0.10657881,0.866714988,0.104804014,0.866633115,0.10657881,0.866625631,0.106757685,0.866633115,0.10657881,0.852060983,-0.132362676,0.893230055,-0.04717392,0.852060983,-0.132362676,0.86441694,-0.108062111,0.920309348,0.083434197,"{'solver': 'sag', 'penalty': 'l2', 'C': 0.125}"
404,Support Vector Classifier,Baseline,34.08308148,0.934406979,0,0.934958791,0,0.934406979,0,0.93438568,0,0.934406979,0,0.908526256,0,0.921403803,0,0.908526256,0,0.912724327,0,0.958960048,0,"{'kernel': 'rbf', 'C': 1.0, 'degree': 3, 'gamma': 'scale'}"
404,Support Vector Classifier,Simulated Annealing,1522.332763,0.950847173,1.759425494,0.95169635,1.790192109,0.950847173,1.759425494,0.950823687,1.759231455,0.950847173,1.759425494,0.9175607,0.994406462,0.923878492,0.26857813,0.9175607,0.994406462,0.919905206,0.786752296,0.964757949,0.604602988,"{'kernel': 'rbf', 'C': 8, 'degree': 4, 'gamma': 'auto'}"
404,Support Vector Classifier,Grid Search,2520.556479,0.952524744,1.93895871,0.95335271,1.967350719,0.952524744,1.93895871,0.952502737,1.938927082,0.952524744,1.93895871,0.9175607,0.994406462,0.922891583,0.161468902,0.9175607,0.994406462,0.919611934,0.754620754,0.96472243,0.600899069,"{'kernel': 'rbf', 'C': 10, 'gamma': 'auto'}"
404,Support Vector Classifier,Half Grid Search,33.14066095,0.921489683,-1.38240575,0.921735355,-1.414333554,0.921489683,-1.38240575,0.921477727,-1.381437352,0.921489683,-1.38240575,0.897233202,-1.243008083,0.914934121,-0.702154819,0.897233202,-1.243008083,0.902852237,-1.081606977,0.946816068,-1.266369775,"{'kernel': 'poly', 'C': 10, 'degree': 2, 'gamma': 'scale'}"
404,Support Vector Classifier,Genetic Algorithm,1480.486381,0.952524744,1.93895871,0.95335271,1.967350719,0.952524744,1.93895871,0.952502737,1.938927082,0.952524744,1.93895871,0.9175607,0.994406462,0.922891583,0.161468902,0.9175607,0.994406462,0.919611934,0.754620754,0.96472243,0.600899069,"{'kernel': 'rbf', 'C': 10, 'gamma': 'auto'}"
404,Random Forest Classifier,Baseline,6.393374681,0.975507,0,0.975589628,0,0.975507465,0,0.975506366,0,0.975507465,0,0.955392434,0,0.956196826,0,0.955392434,0,0.955733365,0,0.983675422,0,"{'criterion': 'gini', 'max_depth': None, 'min_samples_split': 2, 'n_estimators': 100}"
404,Random Forest Classifier,Simulated Annealing,385.0032061,0.974165409,-0.137527614,0.97428733,-0.133488309,0.974165409,-0.137575236,0.97416369,-0.137638876,0.974165409,-0.137575236,0.958215697,0.295508265,0.959392755,0.334233362,0.958215697,0.295508265,0.958675078,0.30779639,0.98548216,0.183672191,"{'n_estimators': 250, 'criterion': 'entropy', 'max_depth': 20, 'min_samples_split': 2}"
404,Random Forest Classifier,Grid Search,6629.022015,0.975423587,-0.008550769,0.975509314,-0.008232355,0.975423587,-0.008598458,0.97542244,-0.008603388,0.975423587,-0.008598458,0.95256917,-0.295508275,0.953502577,-0.281767135,0.95256917,-0.295508275,0.952963755,-0.289789004,0.983567681,-0.010952922,"{'criterion': 'gini', 'max_depth': 20, 'min_samples_split': 2, 'n_estimators': 100}"
404,Random Forest Classifier,Half Grid Search,2295.524272,0.97466868,-0.085936872,0.974781897,-0.082794146,0.97466868,-0.085984519,0.974667108,-0.086033052,0.97466868,-0.085984519,0.955392434,0,0.956196826,0,0.955392434,0,0.955733365,0,0.984291086,0.062588165,"{'criterion': 'gini', 'max_depth': 20, 'min_samples_split': 2, 'n_estimators': 250}"
404,Random Forest Classifier,Genetic Algorithm,218.9981392,0.973662137,-0.189118356,0.973770021,-0.186513555,0.973662137,-0.189165954,0.973660542,-0.189217033,0.973662137,-0.189165954,0.961603614,0.650118201,0.962708752,0.681023585,0.961603614,0.650118201,0.962025748,0.658382602,0.985360211,0.171274921,"{'n_estimators': 250, 'criterion': 'entropy', 'max_depth': 20, 'min_samples_split': 3}"
404,Gradient Boosting Classifier,Baseline,10.78540445,0.965861433,0,0.965894204,0,0.965861433,0,0.965860834,0,0.965861433,0,0.954827781,0,0.957731819,0,0.954827781,0,0.955786705,0,0.986230429,0,"{'learning_rate': 0.1, 'max_depth': 3, 'n_estimators': 100, 'subsample': 1.0}"
404,Gradient Boosting Classifier,Simulated Annealing,1374.798198,0.980791814,1.545809823,0.980884793,1.551990761,0.980791814,1.545809823,0.980790873,1.545775373,0.980791814,1.545809823,0.963297572,0.887049086,0.963984037,0.652815139,0.963297572,0.887049086,0.963578085,0.815179784,0.988352103,0.215129663,"{'learning_rate': 0.1, 'n_estimators': 500, 'subsample': 0.7, 'max_depth': 10}"
404,Gradient Boosting Classifier,Grid Search,65271.80599,0.980791814,1.545809823,0.980884793,1.551990761,0.980791814,1.545809823,0.980790873,1.545775373,0.980791814,1.545809823,0.963297572,0.887049086,0.963984037,0.652815139,0.963297572,0.887049086,0.963578085,0.815179784,0.988352103,0.215129663,"{'learning_rate': 0.1, 'max_depth': 10, 'n_estimators': 500, 'subsample': 0.7}"
404,Gradient Boosting Classifier,Half Grid Search,4256.744813,0.978443214,1.302648724,0.978480146,1.303035252,0.978443214,1.302648724,0.978442811,1.302669773,0.978443214,1.302648724,0.962733,0.827920936,0.964153,0.670457123,0.962733,0.827920936,0.963241,0.779911947,0.988347,0.214612218,"{'learning_rate': 0.21544347, 'max_depth': 4, 'n_estimators': 500, 'subsample': 0.5}"
404,Gradient Boosting Classifier,Genetic Algorithm,1426.942249,0.978023822,1.259227099,0.978048129,1.258308141,0.978023822,1.259227099,0.978023545,1.259261249,0.978023822,1.259227099,0.961038961,0.650502659,0.962414176,0.488900704,0.961038961,0.650502659,0.961544251,0.602388082,0.988110573,0.190639453,"{'learning_rate': 0.1, 'n_estimators': 250, 'subsample': 1, 'max_depth': 5}"
7,Logistic Regression,Baseline,0.673814726,0.865355661,0,0.865452332,0,0.865356201,0,0.865346855,0,0.865356201,0,0.861660079,0,0.890416251,0,0.861660079,0,0.870800034,0,0.917314798,0,"{'l1_ratio': None, 'penalty': 'l2', 'solver': 'lbfgs', 'C': 1.0}"
7,Logistic Regression,Simulated Annealing,15.84743714,0.867364134,0.232098002,0.867444858,0.230229387,0.867364696,0.232100307,0.867356984,0.232291663,0.867364696,0.232100307,0.861095426,-0.065530807,0.890687672,0.030482418,0.861095426,-0.065530807,0.870430534,-0.042432313,0.91600031,-0.143297438,"{'penalty': 'l2', 'solver': 'newton-cg', 'C': 0.03125}"
7,Logistic Regression,Grid Search,35.32045713,0.867364134,0.232098002,0.867444858,0.230229387,0.867364696,0.232100307,0.867356984,0.232291663,0.867364696,0.232100307,0.861095426,-0.065530807,0.890687672,0.030482418,0.861095426,-0.065530807,0.870430534,-0.042432313,0.915993475,-0.144042482,"{'solver': 'saga', 'penalty': 'elasticnet', 'l1_ratio': 0.0, 'C': 0.03125}"
7,Logistic Regression,Half Grid Search,18.07248826,0.865439329,0.009668626,0.865535087,0.009561959,0.865439911,0.009673473,0.865430616,0.00967946,0.865439911,0.009673473,0.862224732,0.065530795,0.891181009,0.085887696,0.862224732,0.065530795,0.871379801,0.066578649,0.917378586,0.006953774,"{'solver': 'saga', 'penalty': 'elasticnet', 'l1_ratio': 0.0, 'C': 32}"
7,Logistic Regression,Genetic Algorithm,16.46082659,0.867364134,0.232098002,0.867444858,0.230229387,0.867364696,0.232100307,0.867356984,0.232291663,0.867364696,0.232100307,0.861095426,-0.065530807,0.890687672,0.030482418,0.861095426,-0.065530807,0.870430534,-0.042432313,0.91600031,-0.143297438,"{'solver': 'saga', 'penalty': 'l1', 'C': 0.03125}"
7,Support Vector Classifier,Baseline,35.22160892,0.938159261,0,0.938938901,0,0.938159132,0,0.938131623,0,0.938159132,0,0.9175607,0,0.925234546,0,0.9175607,0,0.92021544,0,0.958426168,0,"{'kernel': 'rbf', 'C': 1.0, 'degree': 3, 'gamma': 'scale'}"
7,Support Vector Classifier,Simulated Annealing,1372.814158,0.959330816,2.256712296,0.960364957,2.281943605,0.959331256,2.256773171,0.959307967,2.257289231,0.959331256,2.256773171,0.928289102,1.169230766,0.928385798,0.340589531,0.928289102,1.169230766,0.928336987,0.882570097,0.956749454,-0.174944441,"{'kernel': 'rbf', 'C': 10, 'degree': 5, 'gamma': 'auto'}"
7,Support Vector Classifier,Grid Search,1299.604413,0.959330816,2.256712296,0.960364957,2.281943605,0.959331256,2.256773171,0.959307967,2.257289231,0.959331256,2.256773171,0.928289102,1.169230766,0.928385798,0.340589531,0.928289102,1.169230766,0.928336987,0.882570097,0.956749454,-0.174944441,"{'kernel': 'rbf', 'C': 10, 'gamma': 'auto'}"
7,Support Vector Classifier,Half Grid Search,55.47666435,0.866778164,-7.608633221,0.866984743,-7.663348228,0.866779062,-7.608524848,0.866759526,-7.60789797,0.866779062,-7.608524848,0.859966121,-6.276923084,0.890198257,-3.786746697,0.859966121,-6.276923084,0.869482034,-5.513209633,0.916740706,-4.349365951,"{'kernel': 'linear', 'C': 10, 'gamma': 'auto'}"
7,Support Vector Classifier,Genetic Algorithm,1137.219321,0.958410321,2.158595149,0.959409142,2.180146247,0.958410824,2.158662726,0.958387577,2.159180344,0.958410824,2.158662726,0.923207228,0.615384617,0.924302376,-0.100749567,0.923207228,0.615384617,0.923710053,0.37976032,0.957006885,-0.148084771,"{'kernel': 'rbf', 'C': 8, 'gamma': 'auto'}"
7,Random Forest Classifier,Baseline,6.609736729,0.975648619,0,0.975766532,0,0.975648744,0,0.975647089,0,0.975648744,0,0.949181254,0,0.948399964,0,0.949181254,0,0.948690211,0,0.983969847,0,"{'criterion': 'gini', 'max_depth': None, 'min_samples_split': 2, 'n_estimators': 100}"
7,Random Forest Classifier,Simulated Annealing,356.9307007,0.976318173,0.068626572,0.976438725,0.068888794,0.976318214,0.068617943,0.97631667,0.068629416,0.976318214,0.068617943,0.954827781,0.594883999,0.954312909,0.623465249,0.954827781,0.594883999,0.95451876,0.614378543,0.984892494,0.093767904,"{'n_estimators': 80, 'criterion': 'log_loss', 'max_depth': 20, 'min_samples_split': 5}"
7,Random Forest Classifier,Grid Search,6800.950108,0.977322316,0.171547037,0.977443706,0.171882725,0.977322399,0.17154271,0.977320882,0.171557259,0.977322399,0.17154271,0.950875212,0.178465198,0.950257912,0.19590335,0.950875212,0.178465198,0.950504727,0.191265334,0.984091727,0.01238663,"{'criterion': 'gini', 'max_depth': 20, 'min_samples_split': 3, 'n_estimators': 250}"
7,Random Forest Classifier,Half Grid Search,1325.545878,0.975481493,-0.017129722,0.975614024,-0.015629548,0.975481492,-0.017142635,0.975479735,-0.017153047,0.975481492,-0.017142635,0.952004517,0.297442,0.951319346,0.307821806,0.952004517,0.297442,0.951574836,0.304063926,0.984908441,0.095388584,"{'criterion': 'log_loss', 'max_depth': 15, 'min_samples_split': 2, 'n_estimators': 200}"
7,Random Forest Classifier,Genetic Algorithm,387.2358169,0.969372406,-0.643286279,0.969568542,-0.635191852,0.969372509,-0.64328838,0.969369203,-0.643458682,0.969372509,-0.64328838,0.944664032,-0.475907197,0.945484187,-0.307441766,0.944664032,-0.475907197,0.945026362,-0.386200781,0.98138985,-0.262202852,"{'n_estimators': 80, 'criterion': 'gini', 'max_depth': 10, 'min_samples_split': 5}"
7,Gradient Boosting Classifier,Baseline,10.97236686,0.96903765,0,0.969089106,0,0.969037963,0,0.969036798,0,0.969037963,0,0.948616601,0,0.950212368,0,0.948616601,0,0.949243556,0,0.985640864,0,"{'learning_rate': 0.1, 'max_depth': 3, 'n_estimators': 100, 'subsample': 1.0}"
7,Gradient Boosting Classifier,Simulated Annealing,1776.035344,0.982259316,1.364412044,0.982298982,1.363122949,0.982259147,1.3643618,0.982258932,1.364461486,0.982259147,1.3643618,0.960474308,1.249999999,0.959918207,1.021438978,0.960474308,1.249999999,0.960092386,1.142892183,0.982587014,-0.309834019,"{'learning_rate': 0.46415888, 'n_estimators': 200, 'subsample': 0.7, 'max_depth': 7}"
7,Gradient Boosting Classifier,Grid Search,68310.01151,0.983347189,1.476675298,0.983403575,1.477105563,0.983347041,1.476627185,0.983346695,1.476713446,0.983347041,1.476627185,0.962168267,1.428571426,0.96172553,1.211640891,0.962168267,1.428571426,0.96188295,1.331522803,0.989356516,0.376978211,"{'learning_rate': 0.46415888, 'max_depth': 7, 'n_estimators': 500, 'subsample': 0.8}"
7,Gradient Boosting Classifier,Half Grid Search,3477.55371,0.98200827,1.338505313,0.982029651,1.335330745,0.982008143,1.338459406,0.982008066,1.338573263,0.982008143,1.338459406,0.963862,1.607119166,0.96342,1.389966343,0.963862,1.607119166,0.963564,1.508616415,0.990352,0.477976895,"{'learning_rate': 0.21544347, 'max_depth': 4, 'n_estimators': 500, 'subsample': 0.8}"
7,Gradient Boosting Classifier,Genetic Algorithm,589.513017,0.982928723,1.43349162,0.982993188,1.434757868,0.982928743,1.433460868,0.982928142,1.433520721,0.982928743,1.433460868,0.962732919,1.488095242,0.962328636,1.275111639,0.962732919,1.488095242,0.962477977,1.394207116,0.989910105,0.433143577,"{'learning_rate': 0.21544347, 'n_estimators': 500, 'subsample': 0.5, 'max_depth': 7}"
13,Logistic Regression,Baseline,0.622831583,0.864193504,0,0.864399929,0,0.864192505,0,0.864174195,0,0.864192505,0,0.861095426,0,0.899295469,0,0.861095426,0,0.872493012,0,0.930894893,0,"{'l1_ratio': None, 'penalty': 'l2', 'solver': 'lbfgs', 'C': 1.0}"
13,Logistic Regression,Simulated Annealing,9.006492043,0.864445308,0.029137528,0.864652152,0.029179027,0.864444351,0.029142449,0.864426006,0.029138918,0.864444351,0.029142449,0.861095426,-1.48845E-09,0.899295469,2.98757E-09,0.861095426,-1.48845E-09,0.872493012,-4.55362E-09,0.930875731,-0.00205851,"{'penalty': 'l2', 'solver': 'newton-cg', 'C': 2}"
13,Logistic Regression,Grid Search,29.61052232,0.865301685,0.128232994,0.865662355,0.146046547,0.865300859,0.128253213,0.865267959,0.126567498,0.865300859,0.128253213,0.856578204,-0.524590164,0.898173169,-0.124797712,0.856578204,-0.524590164,0.868845626,-0.41804192,0.931093705,0.021357076,"{'solver': 'liblinear', 'penalty': 'l1', 'C': 0.03125}"
13,Logistic Regression,Half Grid Search,16.2133759,0.864193483,-2.45028E-06,0.864405884,0.000688893,0.864192505,-4.94267E-09,0.864173647,-6.34E-05,0.864192505,-4.94267E-09,0.861095426,-1.48845E-09,0.899295469,2.98756E-09,0.861095426,-1.48845E-09,0.872493012,-4.55362E-09,0.930856568,-0.004117024,"{'solver': 'newton-cg', 'penalty': 'l2', 'C': 32}"
13,Logistic Regression,Genetic Algorithm,8.974684954,0.864445308,0.029137528,0.864652152,0.029179027,0.864444351,0.029142449,0.864426006,0.029138918,0.864444351,0.029142449,0.861095426,-1.48845E-09,0.899295469,2.98756E-09,0.861095426,-1.48845E-09,0.872493012,-4.55362E-09,0.930875731,-0.00205851,"{'solver': 'newton-cg', 'penalty': 'l2', 'C': 2}"
13,Support Vector Classifier,Baseline,37.79059463,0.937384575,0,0.938175051,0,0.937383811,0,0.937356826,0,0.937383811,0,0.918690006,0,0.929744404,0,0.918690006,0,0.922229944,0,0.965071381,0,"{'kernel': 'rbf', 'C': 1.0, 'degree': 3, 'gamma': 'scale'}"
13,Support Vector Classifier,Simulated Annealing,1396.560729,0.953332249,1.701294714,0.954225106,1.710773918,0.953331126,1.701257828,0.953310091,1.701941547,0.953331126,1.701257828,0.925465839,0.737553779,0.931458316,0.184342197,0.925465839,0.737553779,0.927622541,0.584734509,0.964369551,-0.072723125,"{'kernel': 'rbf', 'C': 8, 'degree': 2, 'gamma': 'scale'}"
13,Support Vector Classifier,Grid Search,2378.261827,0.957696848,2.166909267,0.958549331,2.171692706,0.957695895,2.166890829,0.957677436,2.167862807,0.957695895,2.166890829,0.924337,0.61467898,0.928512,-0.132553015,0.924337,0.61467898,0.925971,0.405653282,0.963313,-0.182202136,"{'kernel': 'rbf', 'C': 10, 'gamma': 'auto'}"
13,Support Vector Classifier,Half Grid Search,46.71557278,0.865452485,-7.673701065,0.865866362,-7.707377136,0.865451063,-7.673777539,0.865414623,-7.675007123,0.865451063,-7.673777539,0.858836815,-6.515058385,0.899009157,-3.305773844,0.858836815,-6.515058385,0.870717253,-5.585666764,0.930549967,-3.577084023,"{'kernel': 'linear', 'C': 1, 'gamma': 'auto'}"
13,Support Vector Classifier,Genetic Algorithm,1286.469827,0.952408951,1.602797498,0.952922767,1.571957778,0.952407787,1.60275603,0.95239585,1.604407633,0.952407787,1.60275603,0.922642575,0.430239703,0.925852267,-0.418624443,0.922642575,0.430239703,0.923968502,0.188516708,0.933426751,-3.278993689,"{'kernel': 'poly', 'gamma': 'auto', 'C': 8, 'degree': 4}"
13,Random Forest Classifier,Baseline,6.045242071,0.97439964,0,0.974471598,0,0.974399216,0,0.974398622,0,0.974399216,0,0.960474308,0,0.961621368,0,0.960474308,0,0.960916666,0,0.988769522,0,"{'criterion': 'gini', 'max_depth': None, 'min_samples_split': 2, 'n_estimators': 100}"
13,Random Forest Classifier,Simulated Annealing,346.9836953,0.97406402,-0.034443744,0.974187031,-0.029202147,0.974063406,-0.034463278,0.97406224,-0.034521958,0.974063406,-0.034463278,0.959909656,-0.058788944,0.961520135,-0.010527318,0.959909656,-0.058788944,0.960492016,-0.044192245,0.988696465,-0.007388718,"{'n_estimators': 100, 'criterion': 'entropy', 'max_depth': 20, 'min_samples_split': 2}"
13,Random Forest Classifier,Grid Search,6814.670682,0.975155181,0.07753909,0.975285256,0.083497357,0.975154672,0.077530452,0.975153367,0.077457587,0.975154672,0.077530452,0.961604,0.117618107,0.962726,0.114871809,0.961604,0.117618107,0.962033,0.116173846,0.989777,0.101892108,"{'criterion': 'entropy', 'max_depth': 20, 'min_samples_split': 2, 'n_estimators': 500}"
13,Random Forest Classifier,Half Grid Search,2097.731634,0.972721182,-0.172255587,0.972826991,-0.168769016,0.972720885,-0.172242647,0.972719588,-0.172314856,0.972720885,-0.172242647,0.961603614,0.117577898,0.963260132,0.170416748,0.961603614,0.117577898,0.962186629,0.132161643,0.990248635,0.149591262,"{'criterion': 'log_loss', 'max_depth': 15, 'min_samples_split': 3, 'n_estimators': 80}"
13,Random Forest Classifier,Genetic Algorithm,383.8489789,0.974651614,0.025859377,0.974774178,0.031050713,0.97465119,0.02585939,0.974649847,0.025782551,0.97465119,0.02585939,0.962732919,0.235155795,0.963999793,0.247334881,0.962732919,0.235155795,0.963200043,0.237624898,0.989489317,0.072797046,"{'n_estimators': 500, 'criterion': 'entropy', 'max_depth': 15, 'min_samples_split': 2}"
13,Gradient Boosting Classifier,Baseline,10.90124693,0.966342125,0,0.966403592,0,0.966341849,0,0.966340995,0,0.966341849,0,0.95878035,0,0.961910372,0,0.95878035,0,0.95974792,0,0.989714477,0,"{'learning_rate': 0.1, 'max_depth': 3, 'n_estimators': 100, 'subsample': 1.0}"
13,Gradient Boosting Classifier,Simulated Annealing,1260.954447,0.980191315,1.433155962,0.980246841,1.432450098,0.980190722,1.433123618,0.980190704,1.433211398,0.980190722,1.433123618,0.972332,1.413425913,0.972373,1.087692582,0.972332,1.413425913,0.972352,1.313269794,0.991312,0.161412478,"'learning_rate': 0.21544347, 'n_estimators': 500, 'subsample': 1, 'max_depth': 7"
13,Gradient Boosting Classifier,Grid Search,74063.12003,0.982709255,1.693720028,0.982768068,1.693337608,0.982708811,1.693703078,0.982708725,1.69378413,0.982708811,1.693703078,0.970638058,1.236749117,0.970929115,0.93758658,0.970638058,1.236749117,0.970764088,1.147818797,0.992701447,0.301801128,"{'learning_rate': 0.21544347, 'max_depth': 7, 'n_estimators': 500, 'subsample': 0.6}"
13,Gradient Boosting Classifier,Half Grid Search,3958.718542,0.979771605,1.389723149,0.979777663,1.383901177,0.979771414,1.389732353,0.979771535,1.389834483,0.979771414,1.389732353,0.968944,1.060060306,0.9689,0.726640232,0.968944,1.060060306,0.968922,0.955884284,0.993949,0.427852957,"{'learning_rate': 0.21544347, 'max_depth': 3, 'n_estimators': 500, 'subsample': 0.7}"
13,Gradient Boosting Classifier,Genetic Algorithm,1220.771497,0.978932482,1.302888142,0.978969667,1.300292663,0.978931826,1.302849198,0.978932036,1.302960481,0.978931826,1.302849198,0.966685,0.824448469,0.966839,0.512379106,0.966685,0.824448469,0.966757,0.730304217,0.993027,0.334694777,"{'learning_rate': 0.46415888, 'n_estimators': 150, 'subsample': 0.8, 'max_depth': 5}"
1001,Logistic Regression,Baseline,0.686437988,0.861060134,0,0.861139457,0,0.861060719,0,0.861052559,0,0.861060719,0,0.832862789,0,0.889968387,0,0.832862789,0,0.84903673,0,0.92541028,0,"{'l1_ratio': None, 'penalty': 'l2', 'solver': 'lbfgs', 'C': 1.0}"
1001,Logistic Regression,Simulated Annealing,14.69891062,0.861227849,0.019477722,0.861308944,0.019681713,0.861228476,0.01948261,0.861220121,0.019460066,0.861228476,0.01948261,0.831733484,-0.135593223,0.888985421,-0.110449552,0.831733484,-0.135593223,0.848016708,-0.120138748,0.925407925,-0.000254438,"{'penalty': 'l2', 'solver': 'sag', 'C': 2}"
1001,Logistic Regression,Grid Search,31.28405533,0.861227849,0.019477722,0.861308944,0.019681713,0.861228476,0.01948261,0.861220121,0.019460066,0.861228476,0.01948261,0.831733484,-0.135593223,0.888985421,-0.110449552,0.831733484,-0.135593223,0.848016708,-0.120138748,0.925407925,-0.000254438,"{'solver': 'sag', 'penalty': 'l2', 'C': 2}"
1001,Logistic Regression,Half Grid Search,16.22273703,0.861143971,0.009736405,0.86122922,0.010423724,0.861144682,0.009751101,0.861135804,0.009667761,0.861144682,0.009751101,0.832862789,0,0.889968387,0,0.832862789,0,0.84903673,0,0.925382025,-0.003053197,"{'solver': 'saga', 'penalty': 'elasticnet', 'l1_ratio': 0.8, 'C': 0.5}"
1001,Logistic Regression,Genetic Algorithm,14.471838,0.861227849,0.019477722,0.861308944,0.019681713,0.861228476,0.01948261,0.861220121,0.019460066,0.861228476,0.01948261,0.831733484,-0.135593223,0.888985421,-0.110449552,0.831733484,-0.135593223,0.848016708,-0.120138748,0.925407925,-0.000254438,"{'solver': 'sag', 'penalty': 'l2', 'C': 2}"
1001,Support Vector Classifier,Baseline,36.30191731,0.940801897,0,0.941306638,0,0.940802296,0,0.940784895,0,0.940802296,0,0.91134952,0,0.924127997,0,0.91134952,0,0.915428688,0,0.962308399,0,"{'kernel': 'rbf', 'C': 1.0, 'degree': 3, 'gamma': 'scale'}"
1001,Support Vector Classifier,Simulated Annealing,1498.93501,0.962015721,2.25486619,0.962477915,2.249137109,0.962015466,2.254795805,0.962006194,2.255701587,0.962015466,2.254795805,0.924901186,1.486988856,0.92910776,0.53886082,0.924901186,1.486988856,0.926527432,1.212409481,0.964472228,0.224858206,"{'kernel': 'rbf', 'C': 10, 'degree': 2, 'gamma': 'auto'}"
1001,Support Vector Classifier,Grid Search,2615.991725,0.962015721,2.25486619,0.962477915,2.249137109,0.962015466,2.254795805,0.962006194,2.255701587,0.962015466,2.254795805,0.924901186,1.486988856,0.92910776,0.53886082,0.924901186,1.486988856,0.926527432,1.212409481,0.964472228,0.224858206,"{'kernel': 'rbf', 'C': 10, 'gamma': 'auto'}"
1001,Support Vector Classifier,Half Grid Search,33.94753208,0.95824241,1.853792297,0.958681791,1.84585472,0.95824224,1.853731042,0.958232395,1.85456851,0.95824224,1.853731042,0.923207228,1.301115252,0.928869767,0.513107591,0.923207228,1.301115252,0.925282923,1.07646124,0.964597019,0.237826086,"{'kernel': 'rbf', 'C': 5, 'gamma': 'auto'}"
1001,Support Vector Classifier,Genetic Algorithm,1561.013207,0.962015721,2.25486619,0.962477915,2.249137109,0.962015466,2.254795805,0.962006194,2.255701587,0.962015466,2.254795805,0.924901186,1.486988856,0.92910776,0.53886082,0.924901186,1.486988856,0.926527432,1.212409481,0.964472228,0.224858206,"{'kernel': 'rbf', 'gamma': 'auto', 'C': 10}"
1001,Random Forest Classifier,Baseline,7.072954559,0.975431879,0,0.975519533,0,0.975431519,0,0.975430686,0,0.975431519,0,0.963297572,0,0.963579912,0,0.963297572,0,0.963425648,0,0.988505098,0,"{'criterion': 'gini', 'max_depth': None, 'min_samples_split': 2, 'n_estimators': 100}"
1001,Random Forest Classifier,Simulated Annealing,325.7836104,0.976605651,0.12033359,0.976669433,0.117875569,0.97660527,0.120331471,0.976604812,0.120370009,0.97660527,0.120331471,0.963297572,0,0.963150721,-0.044541267,0.963297572,0,0.963219335,-0.021414564,0.988372066,-0.013457897,"{'n_estimators': 100, 'criterion': 'log_loss', 'max_depth': 20, 'min_samples_split': 3}"
1001,Random Forest Classifier,Grid Search,7108.953389,0.977695755,0.232089682,0.977779734,0.231692016,0.977695396,0.232089779,0.977694729,0.232107015,0.977695396,0.232089779,0.962733,-0.058608266,0.963082,-0.051673088,0.962733,-0.058608266,0.962889,-0.055702088,0.987389,-0.112907622,"{'criterion': 'gini', 'max_depth': 15, 'min_samples_split': 2, 'n_estimators': 500}"
1001,Random Forest Classifier,Half Grid Search,2204.901574,0.976102612,0.06876267,0.976226318,0.072452111,0.976102083,0.0687454,0.976100969,0.068716682,0.976102083,0.0687454,0.961603614,-0.17584994,0.961835191,-0.181066487,0.961603614,-0.17584994,0.961711044,-0.177969592,0.988101293,-0.040850068,"{'criterion': 'log_loss', 'max_depth': 15, 'min_samples_split': 2, 'n_estimators': 200}"
1001,Random Forest Classifier,Genetic Algorithm,399.4926117,0.976354163,0.09455137,0.976443578,0.094723321,0.97635393,0.094564394,0.976353012,0.094555801,0.97635393,0.094564394,0.965556183,0.234466583,0.965822934,0.232780102,0.965556183,0.234466583,0.965676378,0.233617343,0.987565633,-0.095038923,"{'n_estimators': 80, 'criterion': 'gini', 'max_depth': 20, 'min_samples_split': 3}"
1001,Gradient Boosting Classifier,Baseline,12.05073667,0.967466096,0,0.967499719,0,0.967465504,0,0.967465431,0,0.967465504,0,0.957086392,0,0.958277997,0,0.957086392,0,0.957554032,0,0.98523934,0,"{'learning_rate': 0.1, 'max_depth': 3, 'n_estimators': 100, 'subsample': 1.0}"
1001,Gradient Boosting Classifier,Simulated Annealing,1500.635783,0.982642986,1.568725711,0.982692998,1.570365148,0.982642458,1.568733286,0.98264251,1.568746419,0.982642458,1.568733286,0.972896669,1.651917396,0.972656405,1.500442266,0.972896669,1.651917396,0.972740851,1.586001248,0.991507146,0.636170933,"{'learning_rate': 0.46415888, 'n_estimators': 250, 'subsample': 0.8, 'max_depth': 7}"
1001,Gradient Boosting Classifier,Grid Search,77150.30916,0.984320008,1.742067424,0.984359359,1.742598904,0.984319438,1.742070743,0.984319641,1.742099445,0.984319438,1.742070743,0.969508752,1.297935098,0.969286527,1.148782434,0.969508752,1.297935098,0.969377875,1.234796398,0.992020438,0.688269076,"{'learning_rate': 0.1, 'max_depth': 7, 'n_estimators': 500, 'subsample': 0.6}"
1001,Gradient Boosting Classifier,Half Grid Search,4232.084069,0.978198984,1.10938129,0.978257882,1.111955163,0.978198456,1.109388563,0.978198228,1.109372702,0.978198456,1.109388563,0.965556,0.884936634,0.965823,0.787350093,0.965556,0.884936634,0.965676,0.848199426,0.990575,0.5415598,"{'learning_rate': 0.1, 'max_depth': 7, 'n_estimators': 100, 'subsample': 0.7}"
1001,Gradient Boosting Classifier,Genetic Algorithm,942.0589849,0.982391435,1.542724676,0.982477113,1.548051447,0.982390822,1.542723501,0.982390513,1.542699204,0.982390822,1.542723501,0.968379447,1.179940995,0.968573445,1.07436957,0.968379447,1.179940995,0.968467918,1.139767118,0.991575428,0.643101411,"{'learning_rate': 0.1, 'n_estimators': 250, 'subsample': 0.6, 'max_depth': 10}"
